model,family,stride,cell,l2_step1,l2_step5,l2_step10,l2_step15,low_ratio_step10,mid_ratio_step10,high_ratio_step10
copy_last,OOD-simple,1,joint-OOD,0.026225545,0.12976713,0.25354928,0.36844802,,,
copy_last,OOD-simple,2,IC-OOD,0.05142907,0.24718273,0.46017936,0.6359828,,,
copy_last,OOD-simple,3,IC-OOD,0.0748252,0.34777528,0.615804,0.80368453,,,
copy_last,OOD-simple,4,IC-OOD,0.09640061,0.43348303,0.72244173,0.8912827,,,
copy_last,OOD-simple,5,joint-OOD,0.11703583,0.50355256,0.78696984,0.92468345,,,
copy_last,simple,1,dynamic-OOD,0.038474854,0.18888256,0.36084935,0.5075694,,,
copy_last,simple,2,train-seen,0.07544808,0.35381016,0.61549586,0.7853426,,,
copy_last,simple,3,in-range shift,0.11027809,0.48643798,0.7694535,0.9139732,,,
copy_last,simple,4,in-range shift,0.1427662,0.5883027,0.8566507,0.9866858,,,
copy_last,simple,5,dynamic-OOD,0.17307222,0.663042,0.90984935,1.03801,,,
copy_last,medium,1,dynamic-OOD,0.041048363,0.20103449,0.38170418,0.5328642,,,
copy_last,medium,2,in-range shift,0.08021998,0.37315533,0.64065725,0.81305575,,,
copy_last,medium,3,train-seen,0.116777316,0.5079862,0.79683113,0.95180964,,,
copy_last,medium,4,in-range shift,0.1504108,0.61007476,0.89256126,1.0305618,,,
copy_last,medium,5,dynamic-OOD,0.18122625,0.6864501,0.95472527,1.0850159,,,
copy_last,complex,1,dynamic-OOD,0.042963862,0.20931897,0.3936385,0.5439169,,,
copy_last,complex,2,in-range shift,0.0831954,0.3820237,0.64422953,0.8074941,,,
copy_last,complex,3,in-range shift,0.11999911,0.51181924,0.7879028,0.93577653,,,
copy_last,complex,4,train-seen,0.15310077,0.6063842,0.87509257,1.0102254,,,
copy_last,complex,5,dynamic-OOD,0.18259247,0.67528695,0.93262815,1.0599385,,,
copy_last,OOD-complex,1,joint-OOD,0.0432034,0.20960473,0.39215156,0.5391289,,,
copy_last,OOD-complex,2,IC-OOD,0.08260148,0.3765063,0.6296065,0.7851772,,,
copy_last,OOD-complex,3,IC-OOD,0.1177364,0.49745396,0.76148313,0.9072696,,,
copy_last,OOD-complex,4,IC-OOD,0.14848636,0.58312416,0.84453493,0.983965,,,
copy_last,OOD-complex,5,joint-OOD,0.17509751,0.6458857,0.9026527,1.0369848,,,
pretrained,OOD-simple,1,joint-OOD,0.041319385,0.22422251,0.3839475,0.5434112,0.9583,30.0467,20471.2266
pretrained,OOD-simple,2,IC-OOD,0.07735886,0.35571125,0.5556084,0.73017955,0.8476,1.8244,57.3775
pretrained,OOD-simple,3,IC-OOD,0.1127332,0.4547556,0.681325,0.84394133,0.7799,1.1690,23.8273
pretrained,OOD-simple,4,IC-OOD,0.14642183,0.53226894,0.76458406,0.9028846,0.7404,1.1392,22.0296
pretrained,OOD-simple,5,joint-OOD,0.17435347,0.5898296,0.81105375,0.9187511,0.7164,1.3841,24.3020
pretrained,simple,1,dynamic-OOD,0.05677894,0.25805563,0.4517933,0.6159838,0.9473,1.2424,395.6050
pretrained,simple,2,train-seen,0.1059197,0.41527528,0.6446782,0.7972898,0.8608,0.3365,13.3606
pretrained,simple,3,in-range shift,0.15322109,0.53729486,0.7562909,0.87904114,0.7629,0.3680,7.2980
pretrained,simple,4,in-range shift,0.20382838,0.63086164,0.82675326,0.92642903,0.6842,0.5053,8.6839
pretrained,simple,5,dynamic-OOD,0.25558296,0.7035952,0.8632019,0.95713884,0.6207,0.6661,10.3966
pretrained,medium,1,dynamic-OOD,0.06896418,0.32297525,0.5555939,0.7368105,0.9898,0.7690,72.6712
pretrained,medium,2,in-range shift,0.11844205,0.46423772,0.704595,0.8621504,0.8643,0.4391,8.3958
pretrained,medium,3,train-seen,0.17677538,0.58322144,0.789675,0.9074572,0.7170,0.4843,5.8546
pretrained,medium,4,in-range shift,0.23356901,0.66467404,0.83937186,0.9326971,0.6140,0.6360,6.4713
pretrained,medium,5,dynamic-OOD,0.2867609,0.72506815,0.87692094,0.9638588,0.5418,0.8320,8.9930
pretrained,complex,1,dynamic-OOD,0.08777779,0.4036383,0.65478057,0.82290286,0.9987,0.9015,27.8144
pretrained,complex,2,in-range shift,0.14002296,0.52735627,0.75936425,0.8969775,0.8828,0.8180,5.9713
pretrained,complex,3,in-range shift,0.19126871,0.60250914,0.80397576,0.9165938,0.7604,0.9395,5.6759
pretrained,complex,4,train-seen,0.23689835,0.67690474,0.8377103,0.9256722,0.6360,1.0343,7.5294
pretrained,complex,5,dynamic-OOD,0.28047782,0.7183732,0.85289437,0.9315842,0.5511,1.1459,10.8570
pretrained,OOD-complex,1,joint-OOD,0.095852405,0.45693126,0.72909653,0.90806687,1.0997,0.8655,14.2861
pretrained,OOD-complex,2,IC-OOD,0.14828141,0.5660085,0.8055835,0.953535,1.0046,1.1724,5.9558
pretrained,OOD-complex,3,IC-OOD,0.19577958,0.6378666,0.84079736,0.96550214,0.8722,1.3432,6.5831
pretrained,OOD-complex,4,IC-OOD,0.2349115,0.68383795,0.8614011,0.9689151,0.7576,1.5070,9.0562
pretrained,OOD-complex,5,joint-OOD,0.2660812,0.7096675,0.8651211,0.96090996,0.6745,1.6656,13.5355
finetuned,OOD-simple,1,joint-OOD,0.0071914103,0.098156236,0.33974975,0.72922647,0.9811,725.6709,44995.4799
finetuned,OOD-simple,2,IC-OOD,0.009043482,0.11598576,0.3783661,0.789524,0.9933,55.2452,153.5952
finetuned,OOD-simple,3,IC-OOD,0.013533502,0.15802719,0.46267277,0.8819417,1.0282,34.4400,66.1045
finetuned,OOD-simple,4,IC-OOD,0.021110073,0.22136974,0.5589367,0.95804167,1.0815,30.1500,64.4272
finetuned,OOD-simple,5,joint-OOD,0.03190384,0.2953998,0.64129806,1.0218246,1.1289,32.6805,75.1038
finetuned,simple,1,dynamic-OOD,0.00954064,0.1189999,0.40373936,0.8345269,0.9700,31.3767,847.4786
finetuned,simple,2,train-seen,0.011474716,0.13181049,0.42331827,0.87066793,0.9840,9.2682,33.5585
finetuned,simple,3,in-range shift,0.01901085,0.18700689,0.5104751,0.9586318,1.0288,7.9263,20.2242
finetuned,simple,4,in-range shift,0.032206003,0.2704579,0.62081146,1.0512018,1.0840,7.8762,24.2767
finetuned,simple,5,dynamic-OOD,0.049587607,0.36261126,0.71887606,1.1163007,1.1398,8.6060,29.4345
finetuned,medium,1,dynamic-OOD,0.014266857,0.15802297,0.48264146,0.9422934,0.9749,6.1925,92.2352
finetuned,medium,2,in-range shift,0.01574279,0.1568417,0.4756331,0.9481559,0.9904,4.3282,14.3533
finetuned,medium,3,train-seen,0.02252269,0.18913227,0.5209271,1.0102754,1.0235,4.4904,12.3938
finetuned,medium,4,in-range shift,0.0348114,0.2501478,0.5985032,1.0764579,1.0715,5.1800,15.0370
finetuned,medium,5,dynamic-OOD,0.05040704,0.32656044,0.68590146,1.1463829,1.1229,6.3888,21.8441
finetuned,complex,1,dynamic-OOD,0.020862244,0.200999,0.5614185,1.044832,1.0359,2.4002,29.0924
finetuned,complex,2,in-range shift,0.023494102,0.1973341,0.5387721,1.0365341,1.0367,2.7211,8.1534
finetuned,complex,3,in-range shift,0.031322587,0.21792369,0.55709773,1.0797484,1.0465,3.4181,9.5358
finetuned,complex,4,train-seen,0.043082204,0.25750136,0.603383,1.13621,1.0626,4.3075,14.1834
finetuned,complex,5,dynamic-OOD,0.056615993,0.30938947,0.6661279,1.1945404,1.0886,5.4004,21.9263
finetuned,OOD-complex,1,joint-OOD,0.03044319,0.26317546,0.67207944,1.1804345,1.1107,1.3214,13.0096
finetuned,OOD-complex,2,IC-OOD,0.033792805,0.2548744,0.6353346,1.1667604,1.0921,2.0306,6.6461
finetuned,OOD-complex,3,IC-OOD,0.04174328,0.26408395,0.6279954,1.1870623,1.0944,2.8692,8.7955
finetuned,OOD-complex,4,IC-OOD,0.052924138,0.286177,0.644626,1.2152772,1.1112,3.9199,14.0904
finetuned,OOD-complex,5,joint-OOD,0.064894766,0.31667098,0.67891425,1.250105,1.1381,4.9484,22.7474
